night,model,effort_source,hours_scored,n_epochs,frac_flagged,event_epochs_per_hour,mean_prob,median_prob
S03,headline,mag,1.56,187,0.9732620320855615,116.79144385026738,0.6865234375,0.724090576171875
S03,headline,pca,1.56,187,0.93048128342246,111.65775401069519,0.6651139855384827,0.6926419734954834
S04,headline,mag,7.53,904,0.8473451327433629,101.68141592920354,0.5817957520484924,0.641534686088562
S04,headline,pca,7.53,904,0.8595132743362832,103.14159292035399,0.5762222409248352,0.6190106868743896
S06,headline,mag,3.91,469,0.9445628997867804,113.34754797441364,0.6808581352233887,0.7178037762641907
S06,headline,pca,3.91,469,0.9466950959488273,113.60341151385929,0.6790302991867065,0.7065955400466919
S07,headline,mag,5.78,693,0.9235209235209235,110.82251082251082,0.6507267951965332,0.6951311230659485
S07,headline,pca,5.78,693,0.922077922077922,110.64935064935064,0.6496772170066833,0.6901415586471558
S08,headline,mag,0.78,93,0.978494623655914,117.41935483870968,0.6663017868995667,0.6992543935775757
S08,headline,pca,0.78,93,0.7204301075268817,86.45161290322581,0.502648115158081,0.5722447633743286
S10,headline,mag,2.8,336,0.9226190476190477,110.71428571428572,0.6645050048828125,0.7106282711029053
S10,headline,pca,2.8,336,0.9136904761904762,109.64285714285715,0.6601066589355469,0.7162179350852966
S11,headline,mag,1.09,131,0.7938931297709924,95.2671755725191,0.5314344763755798,0.5655386447906494
S11,headline,pca,1.09,131,0.648854961832061,77.86259541984734,0.47699499130249023,0.523907482624054
S12,headline,mag,5.23,628,0.9617834394904459,115.4140127388535,0.6871223449707031,0.7130321860313416
S12,headline,pca,5.23,628,0.9219745222929936,110.63694267515923,0.6597343683242798,0.7053791284561157
S13,headline,mag,5.83,699,0.9427753934191703,113.13304721030043,0.682206928730011,0.7146279811859131
S13,headline,pca,5.83,699,0.9127324749642346,109.52789699570815,0.6537180542945862,0.6976089477539062
S15,headline,mag,6.88,825,0.9551515151515152,114.61818181818182,0.6838443875312805,0.7209580540657043
S15,headline,pca,6.88,825,0.92,110.4,0.6606093049049377,0.7146279811859131
