step,loss_d,loss_adv,loss_res,loss_cons,autocorr,alpha,disc_p_belt,disc_p_adapted_after_adapt
1,1.402054786682129,0.7669442892074585,0.017979981377720833,-0.01202823780477047,0.01202823780477047,0.0999700129032135,0.45920443534851074,0.4646020829677582
40,1.182586908340454,0.9196110963821411,0.1069730669260025,-0.09367392957210541,0.09367392957210541,0.10098844021558762,0.5148718357086182,0.3996261656284332
80,1.1913878917694092,0.9373812675476074,1.2998652458190918,-0.30394554138183594,0.30394554138183594,0.10300911962985992,0.5087759494781494,0.39361679553985596
120,1.3562724590301514,0.8291095495223999,4.831434726715088,-0.30472052097320557,0.30472052097320557,0.10518955439329147,0.4718632996082306,0.437940388917923
160,1.192061185836792,0.8847649097442627,3.223957061767578,-0.339883953332901,0.339883953332901,0.1066872775554657,0.5359920263290405,0.4155908226966858
200,1.1314983367919922,0.9457225799560547,2.673041820526123,-0.4135490953922272,0.4135490953922272,0.10777165740728378,0.5437275767326355,0.39184296131134033
240,1.1336326599121094,0.9724187850952148,2.8854734897613525,-0.42770466208457947,0.42770466208457947,0.1089639738202095,0.5536383390426636,0.3861275911331177
280,1.1927093267440796,0.930208146572113,4.225447177886963,-0.3468494117259979,0.3468494117259979,0.11047819256782532,0.5668306350708008,0.4047272801399231
320,1.0613611936569214,1.0001184940338135,3.4979372024536133,-0.4211729168891907,0.4211729168891907,0.11199316382408142,0.5859681963920593,0.3739754557609558
360,0.8834899663925171,1.0236320495605469,3.567409038543701,-0.4317634105682373,0.4317634105682373,0.11346147209405899,0.6841756701469421,0.3652121126651764
400,0.9710605144500732,1.081080436706543,4.0795159339904785,-0.4259682893753052,0.4259682893753052,0.11494681239128113,0.6199809312820435,0.34795358777046204
440,0.9688858389854431,1.1810932159423828,3.3312251567840576,-0.34910711646080017,0.34910711646080017,0.11633404344320297,0.5885295867919922,0.3124575614929199
480,0.7196968197822571,1.1896193027496338,3.470802068710327,-0.49574384093284607,0.49574384093284607,0.11753354221582413,0.7705892324447632,0.31804102659225464
520,1.025709867477417,1.1853471994400024,6.766763687133789,-0.3838609457015991,0.3838609457015991,0.11912310868501663,0.6468455791473389,0.32517170906066895
560,0.7120640277862549,1.793105125427246,13.211381912231445,-0.41975489258766174,0.41975489258766174,0.12276621907949448,0.6827884912490845,0.18085114657878876
600,1.4013997316360474,1.0044735670089722,4.766408920288086,-0.4587997496128082,0.4587997496128082,0.12274379283189774,0.5438894629478455,0.39699673652648926
640,1.1925297975540161,1.0275986194610596,3.9715006351470947,-0.40324413776397705,0.40324413776397705,0.12346134334802628,0.5225763320922852,0.36543241143226624
680,1.2610124349594116,0.8714198470115662,6.740189075469971,-0.38156071305274963,0.38156071305274963,0.1251845508813858,0.5647009611129761,0.4261922836303711
720,1.1001946926116943,0.9816759824752808,3.907768726348877,-0.3649676442146301,0.3649676442146301,0.1262119710445404,0.6036714315414429,0.39073649048805237
760,0.8454209566116333,1.156029224395752,1.6596391201019287,-0.477858304977417,0.477858304977417,0.12615619599819183,0.6662793159484863,0.31709298491477966
800,0.8140283226966858,1.135886311531067,1.926138162612915,-0.4160967767238617,0.4160967767238617,0.12645651400089264,0.7040648460388184,0.33127909898757935
840,0.8734005689620972,1.1888344287872314,3.0555977821350098,-0.44103971123695374,0.44103971123695374,0.12738968431949615,0.6684962511062622,0.3171645700931549
880,1.1942262649536133,0.9362028241157532,7.41523551940918,-0.4303573966026306,0.4303573966026306,0.1295761615037918,0.6093807220458984,0.4149291515350342
920,0.790285587310791,1.0461490154266357,5.269007205963135,-0.33087119460105896,0.33087119460105896,0.1308419406414032,0.7789400219917297,0.37091127038002014
960,0.8258838057518005,1.1734434366226196,3.64898681640625,-0.49201714992523193,0.49201714992523193,0.1312001347541809,0.709402322769165,0.3289414346218109
1000,0.9217358231544495,1.202545166015625,2.8394079208374023,-0.4875960946083069,0.4875960946083069,0.1322886347770691,0.665378212928772,0.32241952419281006
1040,0.9423379302024841,1.0981346368789673,3.9877495765686035,-0.4945417642593384,0.4945417642593384,0.13403069972991943,0.7341808080673218,0.36695852875709534
1080,0.902198314666748,1.2408616542816162,6.450649261474609,-0.5407070517539978,0.5407070517539978,0.13660705089569092,0.6778990626335144,0.3049216866493225
1120,0.8666043877601624,1.1044199466705322,7.286762714385986,-0.42829078435897827,0.42829078435897827,0.13904085755348206,0.756462037563324,0.34431785345077515
1160,0.9822882413864136,1.3143576383590698,4.284389972686768,-0.49557578563690186,0.49557578563690186,0.13738633692264557,0.6990269422531128,0.3061118721961975
1200,1.1666615009307861,1.0607264041900635,3.8180973529815674,-0.33680716156959534,0.33680716156959534,0.13817493617534637,0.6337381601333618,0.38108140230178833
