domain,feature,median,iqr,mesa_belt_median,mesa_belt_iqr,shift_in_mesa_iqr,night_median_percentile_in_mesa
MESA thor belt,rms,1.0101275444030762,0.8388036638498306,1.0212609767913818,0.8310957700014114,-0.013396088365232166,48.82231404958677
MESA thor belt,kurtosis,-0.6889228820800781,1.3970618844032288,-0.6293138265609741,1.3558791875839233,-0.04396339734468492,45.26239669421487
MESA thor belt,clip_frac,0.0,0.0,0.0,0.0,0.0,95.10537190082643
MESA thor belt,zcr_per_min,30.0,10.0,30.0,8.0,0.0,56.15082644628099
MESA thor belt,band_ratio,0.919443508681371,0.12882288675844578,0.9279991828249685,0.10762289440580186,-0.07949678468821655,46.378099173553714
MESA thor belt,resp_bpm,14.0,4.0,14.0,4.0,0.0,60.5
MESA thor belt,peak_prominence,388.5543190210424,709.0777180355228,450.4035787588094,727.5051560168215,-0.08501556205637655,45.3595041322314
MESA thor belt,spec_entropy,0.474664117325573,0.18676062173800134,0.4646146023193784,0.17181209802809883,0.05849131151439499,52.63842975206611
MESA abdo belt,rms,1.030098795890808,0.8226840496063232,1.0212609767913818,0.8310957700014114,0.010633935832421965,51.1900826446281
MESA abdo belt,kurtosis,-0.5814377069473267,1.3183607161045074,-0.6293138265609741,1.3558791875839233,0.03531001878098679,50.892561983471076
MESA abdo belt,clip_frac,0.0,0.0,0.0,0.0,0.0,95.19834710743801
MESA abdo belt,zcr_per_min,30.0,8.0,30.0,8.0,0.0,54.62396694214876
MESA abdo belt,band_ratio,0.9349599913032707,0.08820796048746771,0.9279991828249685,0.10762289440580186,0.06467776630665624,56.02479338842975
MESA abdo belt,resp_bpm,14.0,4.0,14.0,4.0,0.0,61.05991735537191
MESA abdo belt,peak_prominence,505.6586593821852,726.1479109005443,450.4035787588094,727.5051560168215,0.07595146256533507,56.332644628099175
MESA abdo belt,spec_entropy,0.4557283219396995,0.15736556624901593,0.4646146023193784,0.17181209802809883,-0.05172092320591244,44.23553719008264
in-house accel magnitude (envelope.py),rms,0.9630422592163086,0.19471509754657745,1.0212609767913818,0.8310957700014114,-0.07005055206203711,45.22727272727273
in-house accel magnitude (envelope.py),kurtosis,-0.2547401189804077,0.6928942799568176,-0.6293138265609741,1.3558791875839233,0.2762589106274064,75.68181818181817
in-house accel magnitude (envelope.py),clip_frac,0.0,0.0,0.0,0.0,0.0,94.99999999999999
in-house accel magnitude (envelope.py),zcr_per_min,42.0,8.0,30.0,8.0,1.4999999998125,96.36363636363635
in-house accel magnitude (envelope.py),band_ratio,0.8793516913259367,0.09518846888901744,0.9279991828249685,0.10762289440580186,-0.45201805169431686,17.272727272727273
in-house accel magnitude (envelope.py),resp_bpm,18.0,10.0,14.0,4.0,0.99999999975,83.31818181818183
in-house accel magnitude (envelope.py),peak_prominence,334.21638412044706,378.10155317609554,450.4035787588094,727.5051560168215,-0.15970635215060403,33.54545454545455
in-house accel magnitude (envelope.py),spec_entropy,0.6611398601294056,0.05389186945054958,0.4646146023193784,0.17181209802809883,1.143838291492421,98.1818181818182
in-house accel principal axis,rms,0.8962626457214355,0.36025136709213257,1.0212609767913818,0.8310957700014114,-0.15040183746733807,30.636363636363633
in-house accel principal axis,kurtosis,-0.31753504276275635,0.7675049901008606,-0.6293138265609741,1.3558791875839233,0.22994584357020678,62.772727272727266
in-house accel principal axis,clip_frac,0.0,0.0,0.0,0.0,0.0,94.99999999999999
in-house accel principal axis,zcr_per_min,40.0,10.0,30.0,8.0,1.24999999984375,93.27272727272727
in-house accel principal axis,band_ratio,0.8914728543718772,0.10316045985168987,0.9279991828249685,0.10762289440580186,-0.33939180241681394,35.54545454545454
in-house accel principal axis,resp_bpm,16.0,10.0,14.0,4.0,0.499999999875,73.04545454545453
in-house accel principal axis,peak_prominence,441.70281816754965,640.4364150872443,450.4035787588094,727.5051560168215,-0.0119597236106002,55.59090909090909
in-house accel principal axis,spec_entropy,0.6404950625266699,0.08020818561303578,0.4646146023193784,0.17181209802809883,1.0236791308773157,87.13636363636364
