record,n_minutes,true_apnea_fraction,pred_apnea_fraction,true_group,pred_group,correct
a01,488,0.9631147540983607,0.5,apnea,apnea,True
a02,527,0.7969639468690702,0.7969639468690702,apnea,apnea,True
a03,518,0.4749034749034749,0.3030888030888031,apnea,apnea,True
a04,491,0.9226069246435845,0.6761710794297352,apnea,apnea,True
a05,453,0.609271523178808,0.30022075055187636,apnea,apnea,True
a06,509,0.40471512770137524,0.08447937131630648,apnea,apnea,True
a07,510,0.6313725490196078,0.40980392156862744,apnea,apnea,True
a08,500,0.378,0.588,apnea,apnea,True
a09,494,0.771255060728745,0.4574898785425101,apnea,apnea,True
a10,516,0.1937984496124031,0.187984496124031,apnea,apnea,True
a11,465,0.4774193548387097,0.21505376344086022,apnea,apnea,True
a12,576,0.9270833333333334,0.21006944444444445,apnea,apnea,True
a13,494,0.4939271255060729,0.631578947368421,apnea,apnea,True
a14,508,0.7539370078740157,0.1673228346456693,apnea,apnea,True
a15,509,0.7229862475442044,0.7701375245579568,apnea,apnea,True
a16,481,0.6652806652806653,0.5488565488565489,apnea,apnea,True
a17,482,0.3236514522821577,0.17427385892116182,apnea,apnea,True
a18,488,0.8975409836065574,0.4139344262295082,apnea,apnea,True
a19,501,0.4091816367265469,0.562874251497006,apnea,apnea,True
a20,509,0.618860510805501,0.343811394891945,apnea,apnea,True
b01,486,0.03909465020576132,0.2242798353909465,apnea,apnea,True
b02,516,0.18023255813953487,0.7228682170542635,apnea,apnea,True
b03,440,0.16590909090909092,0.625,apnea,apnea,True
b04,422,0.023696682464454975,0.24881516587677724,apnea,apnea,True
b05,432,0.13194444444444445,0.004629629629629629,apnea,control,False
c01,473,0.0,0.09725158562367865,control,apnea,False
c02,492,0.0020325203252032522,0.1483739837398374,control,apnea,False
c03,453,0.0,0.04194260485651214,control,control,True
c04,463,0.0,0.0,control,control,True
c05,465,0.0064516129032258064,0.08602150537634409,control,apnea,False
c06,467,0.0021413276231263384,0.08565310492505353,control,apnea,False
c07,428,0.009345794392523364,0.3247663551401869,control,apnea,False
c08,512,0.0,0.326171875,control,apnea,False
c09,455,0.004395604395604396,0.21978021978021978,control,apnea,False
c10,423,0.002364066193853428,0.13002364066193853,control,apnea,False
