mesaid,edf_bytes,nsrr_xml_bytes,profusion_xml_bytes
0027,185042028,170379,126474
0079,185042028,223944,159004
0110,203546028,164008,131372
0152,185047168,174498,132191
0169,166538028,342988,204969
0195,166538028,198459,133302
0258,185042028,135029,105516
0285,222055168,194313,146242
0310,185042028,265729,179819
0318,185042028,263532,173895
0347,185036888,219095,152039
0350,222050028,274743,185092
0374,221813588,388736,228785
0382,222050028,138821,118442
0386,222050028,496591,307171
0393,231307168,95954,89090
0405,185042028,270126,172339
0408,166538028,175809,121184
0435,175784888,315954,197409
0468,185042028,472840,285108
0499,166538028,264992,172647
0505,194792608,309200,212691
0512,185042028,221456,156659
0522,200724168,217641,145126
0536,222055168,365620,229611
0554,240554028,412598,258145
0601,222044888,131785,111479
0604,166538028,140287,107083
0626,185036888,460697,270646
0648,203546028,314129,197586
0683,185047168,212984,150368
0684,185042028,110949,99136
0688,166538028,60495,64878
0716,222055168,182797,143492
0782,222050028,97285,90867
0796,334991248,277115,206221
0797,185042028,331018,199479
0800,203540888,104726,96656
0823,166538028,260463,166368
0864,185042028,405381,242374
0904,185042028,182959,140736
0912,222050028,293947,187284
0939,194288888,194916,134657
0949,184039728,68028,74467
0967,222050028,157941,121973
0977,222044888,221330,158955
1080,194294028,417234,260602
1094,166538028,140519,99240
1102,222050028,362538,227176
1162,222044888,298074,186086
1227,166538028,106987,88082
1278,222055168,451737,257696
1301,222055168,342344,227243
1308,185036888,219153,145909
1334,222050028,385025,243899
1443,185047168,100806,90003
1446,203546028,262660,180029
1463,222055168,151997,114663
1470,185042028,96756,77243
1478,185042028,295054,189647
1539,185042028,249706,156792
1552,222050028,222744,168012
1562,166543168,312369,195872
1563,240554028,193161,152169
1604,185042028,495889,303661
1619,185047168,299731,192773
1634,185042028,225285,164329
1686,222055168,366268,232230
1705,222055168,99640,98940
1716,185036888,183736,137943
1735,166538028,159122,104402
1789,240548888,135490,107568
1821,203546028,387454,235046
1866,491015948,91264,138056
1900,166538028,298176,191595
1980,203546028,232796,156489
1982,185042028,341258,231992
1989,222050028,326139,201550
2055,222050028,317309,200186
2118,185042028,601204,353811
2150,185042028,165821,120540
2170,231302028,271149,189193
2175,222044888,117901,96805
2206,220986048,136586,117488
2246,185042028,301519,192614
2251,203546028,352612,223970
2300,194294028,95831,87060
2308,222050028,280479,185220
2311,222055168,441823,269981
2328,185042028,207157,145979
2363,166538028,348952,219437
2376,185042028,279512,190826
2414,222050028,241257,162561
2429,212798028,283053,180817
2513,166538028,202430,130881
2556,185047168,134654,110098
2616,185042028,192524,137628
2651,222050028,332725,213659
2665,222050028,324696,218485
2705,166538028,124996,94626
2728,222055168,242162,171571
2739,194294028,267327,182291
2814,222055168,300444,198995
2846,185042028,203270,145586
2868,222050028,187711,141712
2879,222050028,275108,177073
2903,203546028,364703,229417
2946,166538028,80996,73743
2958,185047168,182449,137612
2995,212798028,395506,236571
3012,185042028,313271,209286
3013,166538028,292648,189039
3015,166538028,305027,188957
3032,222044888,239798,171512
3048,240554028,213580,144925
3149,185036888,241130,156981
3168,166538028,197799,138685
3180,185047168,177282,129862
3186,185042028,76067,81734
3193,167745928,131303,104109
3251,222050028,235374,164753
3275,185042028,320839,205491
3354,185042028,122779,101164
3367,222050028,180932,138113
3377,175784888,212711,144385
3382,166538028,139053,107460
3404,185042028,234732,163652
3492,203546028,267204,167742
3500,199931884,462982,287664
3506,166538028,218956,152698
3537,203546028,265324,180042
3541,185042028,254529,172711
3547,187221388,161762,122228
3560,222055168,141475,115549
3570,231302028,135046,118660
3690,166538028,226526,142904
3698,222050028,267533,190140
3712,222050028,371788,212629
3730,222055168,363142,239178
3745,185047168,234356,161432
3777,199161608,382537,238076
3823,212798028,260278,178343
3842,166538028,151196,112630
3850,222050028,317461,192709
3861,185042028,79836,80321
3897,185042028,144644,121049
3913,222050028,265573,173509
3918,166538028,175561,118345
3934,193728628,237784,162924
3936,185042028,150091,115617
3980,202471768,227501,162018
3987,222050028,468177,268587
3993,166543168,204513,129912
3996,185042028,197226,131650
4003,203540888,245843,163129
4014,209210308,427975,271457
4026,212798028,273319,174467
4028,222050028,127329,101986
4085,185047168,303485,201539
4129,166538028,195746,136096
4140,222055168,309331,198695
4152,222050028,78739,81356
4163,222055168,191507,139327
4178,185042028,445613,272996
4205,222050028,260265,170121
4219,203546028,126108,105535
4230,222050028,183023,134804
4240,212803168,359779,218759
4265,185042028,144852,113622
4273,185042028,289812,193812
4284,222050028,263054,160272
4305,222044888,191913,140893
4383,185047168,170748,129588
4385,185042028,150907,115252
4406,185042028,277095,172972
4409,185042028,376987,232970
4465,185042028,201483,142402
4479,185042028,230391,152040
4500,166538028,195289,128983
4514,203546028,266862,178823
4535,185042028,318231,199719
4541,212798028,406551,259767
4544,222050028,427769,258831
4545,166538028,380252,203623
4584,222050028,144330,111028
4588,222044888,218118,156898
4612,185042028,191101,141457
4648,185042028,198775,147287
4662,185042028,323796,203555
4720,203540888,263229,180043
4782,203546028,72405,77317
4860,222050028,179849,130037
4947,166543168,342268,207672
5040,185042028,243818,166530
5047,203546028,229731,158000
5075,222044888,279675,176874
5117,222050028,424414,259250
5135,222055168,214621,148025
5199,185036888,162138,118027
5231,203546028,278872,179920
5302,148039168,148840,110185
5364,222050028,127840,109347
5365,194396828,331563,211318
5372,185042028,137804,115547
5440,203546028,327817,205001
5472,222050028,220298,157756
5499,222050028,254137,168853
5527,222050028,197258,141300
5555,203546028,205903,142057
5623,203546028,334589,229597
5686,185042028,320844,204771
5733,185042028,131899,102470
5775,222050028,174231,131577
5896,203546028,190644,139625
5924,222050028,222864,150521
5945,568151928,105530,154308
5955,166538028,145588,108916
6011,240554028,128797,112865
6071,185042028,112654,98953
6081,166543168,118188,88881
6095,185042028,291503,197297
6097,166538028,150023,114318
6131,185036888,199735,123690
6217,222050028,217942,158962
6278,185042028,157115,129177
6298,185042028,306923,194088
6306,166543168,204657,141044
6317,203546028,147639,117702
6340,185047168,119358,94948
6372,222050028,286933,180623
6416,185047168,204625,140271
6419,222050028,139012,110114
6447,185036888,128632,99069
6450,193816008,138606,119135
6460,166538028,107059,90827
6500,222044888,144932,106940
6514,166538028,122710,102795
6521,203546028,458335,288677
6538,222050028,408209,252750
6614,185036888,196866,140365
6616,222050028,392347,239530
6656,222050028,252847,164851
6663,222050028,140247,116090
6697,185047168,275703,185008
6722,203546028,244553,163914
6739,222050028,212601,160401
6741,166538028,239575,144587
6781,166538028,210117,137829
6784,185047168,169871,124365
6792,145484588,288388,176999
