t_centre_s,p_frozen,p_handcrafted,pad_frac
15.0,0.098167755,0.23655040649537204,0.4
20.0,0.036316957,0.18576798051853172,0.36666666666666664
25.0,0.0280805,0.23401113113931368,0.3333333333333333
30.0,0.46370506,0.28184654309238644,0.3
35.0,0.33341765,0.3636246049249322,0.26666666666666666
40.0,0.4611786,0.37284852993212914,0.23333333333333334
45.0,0.34185493,0.3690691528068131,0.2
50.0,0.50579786,0.3205733495795416,0.16666666666666666
55.0,0.374565,0.3271494941190348,0.13333333333333333
60.0,0.63290894,0.3048709067467349,0.1
65.0,0.32931617,0.28158912333966746,0.06666666666666667
70.0,0.25441936,0.3196775574117881,0.03333333333333333
75.0,0.33204886,0.3656036452763676,0.0
80.0,0.2796153,0.396640247582235,0.0
85.0,0.3293075,0.37231468342471924,0.0
90.0,0.11805613,0.3532582767785442,0.0
95.0,0.13098952,0.42154144544522676,0.0
100.0,0.4477192,0.36923317981067694,0.0
105.0,0.37642384,0.35084956311719556,0.0
110.0,0.4214191,0.3204462707667118,0.0
115.0,0.30764547,0.33083183527008597,0.0
120.0,0.639111,0.4005549089094156,0.0
125.0,0.31649324,0.32223186527262365,0.0
130.0,0.12718116,0.32593713840797206,0.0
135.0,0.21196106,0.2996347886333305,0.0
140.0,0.16566436,0.33905563188705395,0.0
145.0,0.1668957,0.3960999075340424,0.0
150.0,0.14371237,0.33898567561279624,0.0
155.0,0.14605503,0.3379240164259129,0.0
160.0,0.12547584,0.34600292388866744,0.0
165.0,0.1254469,0.3440188209104011,0.0
170.0,0.087410085,0.3379880029881513,0.0
175.0,0.07547972,0.27697421301735664,0.0
180.0,0.19319086,0.33912971656747326,0.0
185.0,0.64698446,0.3257090909183993,0.0
190.0,0.629551,0.31408135055345365,0.0
195.0,0.6862941,0.394694489662495,0.0
200.0,0.6732139,0.4274089340137291,0.0
205.0,0.6158176,0.33237056370052476,0.0
210.0,0.5639791,0.3215550343948402,0.0
215.0,0.6092641,0.35429484008759565,0.0
220.0,0.44729242,0.30276989774231305,0.0
225.0,0.61842096,0.26992183296468575,0.0
230.0,0.4031107,0.36148483226872796,0.0
235.0,0.42070788,0.25606088761973084,0.0
240.0,0.26498866,0.17323424957444464,0.0
245.0,0.39366245,0.12134372738667316,0.0
250.0,0.23357485,0.11541677043985274,0.0
255.0,0.081093684,0.13263963532945006,0.0
260.0,0.07466905,0.13982667832225718,0.0
265.0,0.09175601,0.18190419832313412,0.0
270.0,0.06737608,0.35542440652836615,0.0
275.0,0.08803153,0.44656316017828457,0.0
280.0,0.094512686,0.46118007347741746,0.0
285.0,0.16554502,0.42239855452050795,0.0
290.0,0.49237543,0.4184305445284472,0.0
295.0,0.5740468,0.40098473029806614,0.0
300.0,0.5891174,0.3769522199591499,0.0
305.0,0.67994314,0.29219649352338933,0.0
310.0,0.7034105,0.29524230756192493,0.0
315.0,0.7221548,0.368825365536626,0.0
320.0,0.6029987,0.3258712255650234,0.0
325.0,0.4370131,0.32517818375701774,0.0
330.0,0.43777496,0.29857547939136897,0.0
335.0,0.5241829,0.27976742848630376,0.0
340.0,0.42492923,0.3107031268984369,0.0
345.0,0.48392054,0.23128733125791648,0.0
350.0,0.38466102,0.302272173707549,0.0
355.0,0.46179044,0.31166910016122107,0.0
360.0,0.3814798,0.2848404801536819,0.0
365.0,0.4112369,0.2660825675945447,0.0
370.0,0.34671623,0.2630559974153358,0.0
375.0,0.5549487,0.25309416740972124,0.0
380.0,0.446787,0.19902910017205339,0.0
385.0,0.5731784,0.1492492273612099,0.0
390.0,0.41628844,0.18802727882908593,0.0
395.0,0.49932986,0.2916377500252106,0.0
400.0,0.37069178,0.35206815004876224,0.0
405.0,0.4699652,0.3759980910464101,0.0
410.0,0.38545692,0.4201747432517856,0.0
415.0,0.3141246,0.343396280508035,0.0
420.0,0.2262032,0.1816860421279266,0.0
425.0,0.29650363,0.23435248845153658,0.0
430.0,0.24298781,0.18710973280461798,0.0
435.0,0.23443113,0.332968406947027,0.0
440.0,0.2110574,0.324391996795918,0.0
445.0,0.17959441,0.3021588312792144,0.0
450.0,0.29324222,0.2999102004789588,0.0
455.0,0.41193047,0.2930773619455389,0.0
460.0,0.424145,0.35684613325581127,0.0
465.0,0.43970695,0.3731372697121507,0.0
470.0,0.4548298,0.30593759349893834,0.0
475.0,0.46625713,0.20649662778429945,0.0
480.0,0.3964855,0.3151683028738629,0.0
485.0,0.27374962,0.33863409509571535,0.0
490.0,0.22578855,0.3158026336898529,0.0
495.0,0.2791146,0.30619383791918475,0.0
500.0,0.33096272,0.3800448997475484,0.0
505.0,0.25000176,0.39393503144344155,0.0
510.0,0.3495942,0.30321808681396284,0.0
515.0,0.23664019,0.36292231326708196,0.0
520.0,0.23429666,0.3688646544537179,0.0
525.0,0.2230433,0.35625433312795407,0.0
530.0,0.16592412,0.33176553306532164,0.0
535.0,0.09089878,0.3230858033931044,0.0
540.0,0.15513545,0.3846287618129142,0.0
545.0,0.38304552,0.42592091787206676,0.0
550.0,0.3459189,0.4338755091596536,0.0
555.0,0.3276446,0.3511497756875715,0.0
560.0,0.30437022,0.41033284075804516,0.0
565.0,0.21685986,0.4099921680934893,0.0
570.0,0.2815895,0.38906223444379046,0.0
575.0,0.25605068,0.41296064036564806,0.0
580.0,0.29510102,0.3323800981580453,0.0
585.0,0.2869756,0.36076856029936444,0.0
590.0,0.28195792,0.3829456726163914,0.0
595.0,0.297514,0.43947122318682647,0.0
600.0,0.31854102,0.4065025129224431,0.0
605.0,0.4279119,0.37664150092030724,0.0
610.0,0.31330264,0.4302583378649078,0.0
615.0,0.58348876,0.42760558056970327,0.0
620.0,0.4931721,0.4255819157427785,0.0
625.0,0.658141,0.4070624073935602,0.0
630.0,0.64723927,0.3988122126651904,0.0
635.0,0.63140374,0.292529265065,0.0
640.0,0.64609855,0.231711342305213,0.0
645.0,0.6134388,0.308507021262456,0.0
650.0,0.70421547,0.377743257392346,0.0
655.0,0.55614775,0.3779976791342591,0.0
660.0,0.3680864,0.308507994881423,0.0
665.0,0.2984768,0.30598702507785047,0.0
670.0,0.19330978,0.2832871256290365,0.0
675.0,0.25150108,0.26124290045332027,0.0
680.0,0.16574788,0.23636929740809115,0.0
685.0,0.23265247,0.27639562908586546,0.0
690.0,0.19767244,0.3280090614870263,0.0
695.0,0.30474788,0.43701755948966253,0.0
700.0,0.19114022,0.34707979049877785,0.0
705.0,0.2581988,0.3428778283404741,0.0
710.0,0.21483313,0.3921280351449086,0.0
715.0,0.42813995,0.43144626055206386,0.0
720.0,0.5065053,0.40553191632123237,0.0
725.0,0.63492167,0.4133709597466255,0.0
730.0,0.47729388,0.4165623736823338,0.0
735.0,0.6573674,0.32631840857597366,0.0
740.0,0.4537527,0.21683571214009265,0.0
745.0,0.6290546,0.2979692095012491,0.0
750.0,0.29191983,0.40398295795035893,0.0
755.0,0.26378387,0.40999634378559063,0.0
760.0,0.2829072,0.38940459501465413,0.0
765.0,0.15775876,0.3952042581659792,0.0
770.0,0.20108715,0.3215837826344844,0.0
775.0,0.17793415,0.31069892525304665,0.0
780.0,0.18551889,0.3442927749582887,0.0
785.0,0.19271755,0.3150675700439164,0.0
790.0,0.21604498,0.39999922129034726,0.0
795.0,0.14029829,0.40694909684523667,0.0
800.0,0.115496926,0.3963233990158454,0.0
805.0,0.070454374,0.39426305770547704,0.0
810.0,0.08215188,0.37607662843802536,0.0
815.0,0.059425235,0.3182551784485148,0.0
820.0,0.069527954,0.23396715665390722,0.0
825.0,0.05717833,0.28750213737174446,0.0
830.0,0.06786513,0.3473229669185087,0.0
835.0,0.06980469,0.4037255950212685,0.0
840.0,0.09577426,0.4370887957922701,0.0
845.0,0.046379786,0.3812948617404585,0.0
850.0,0.0643081,0.37298787843558645,0.0
855.0,0.1144177,0.3975698073035247,0.0
860.0,0.31720918,0.4010061648992325,0.0
865.0,0.3347889,0.39645198542428717,0.0
870.0,0.53170437,0.4039664791661009,0.0
875.0,0.5958545,0.3473133302814216,0.0
880.0,0.55497825,0.31872101550354964,0.0
885.0,0.59952843,0.29368260032644805,0.0
890.0,0.5577669,0.34899114219024463,0.0
895.0,0.6608455,0.32107264033783556,0.0
900.0,0.50784314,0.28168358288620415,0.0
905.0,0.3654614,0.25568389576665934,0.0
910.0,0.41466564,0.3691641513504452,0.0
915.0,0.41211572,0.44137019069744243,0.0
920.0,0.50907826,0.269112032046427,0.0
925.0,0.2896683,0.21935331796784915,0.0
930.0,0.31420413,0.21464138431947388,0.0
935.0,0.15148903,0.20097027562487957,0.0
940.0,0.06270603,0.20226689694720867,0.0
945.0,0.07435172,0.22450737514412955,0.0
950.0,0.07786025,0.31849815963993955,0.0
955.0,0.09765318,0.3435120188723001,0.0
960.0,0.09084149,0.30329053482184015,0.0
965.0,0.21636523,0.260812781805125,0.0
970.0,0.13896257,0.3196699851947875,0.0
975.0,0.24333625,0.3512575499605017,0.0
980.0,0.19206482,0.3520138465459052,0.0
985.0,0.38508376,0.3631533251245294,0.0
990.0,0.67009264,0.36837386370970143,0.0
995.0,0.9495689,0.3305601861938673,0.0
1000.0,0.9540123,0.3447527401788043,0.0
1005.0,0.9334035,0.37475406063843003,0.0
1010.0,0.9068491,0.37916173360747635,0.0
1015.0,0.9046586,0.331337472215019,0.0
1020.0,0.8296195,0.27525877635750584,0.0
1025.0,0.9055426,0.2600056117114162,0.0
1030.0,0.18690068,0.27405523992603975,0.0
1035.0,0.06626742,0.26199247157096683,0.0
1040.0,0.07107951,0.32413474724027286,0.0
1045.0,0.050074324,0.33860038866979963,0.0
1050.0,0.05908377,0.20962009886562857,0.0
1055.0,0.04477653,0.294571533298175,0.0
1060.0,0.16351679,0.32180643499924844,0.0
1065.0,0.2235124,0.3452396872071757,0.0
1070.0,0.20114881,0.3068760298258771,0.0
1075.0,0.19432947,0.28828641750627737,0.0
1080.0,0.22461994,0.34454758082926007,0.0
1085.0,0.16026992,0.36122214093728855,0.0
1090.0,0.1791384,0.32868721745106655,0.0
1095.0,0.065762185,0.31600296278114887,0.0
1100.0,0.11550341,0.4064124384021998,0.0
1105.0,0.83375686,0.43508862642470675,0.0
1110.0,0.83146566,0.47100147462319536,0.0
1115.0,0.8290043,0.41775938349785857,0.0
1120.0,0.8525961,0.42458267776753705,0.0
1125.0,0.84832233,0.6145838799410815,0.0
1130.0,0.8142274,0.5435112832265376,0.0
1135.0,0.8413336,0.5242304034107164,0.0
1140.0,0.7512722,0.4952532608693178,0.0
1145.0,0.7782409,0.46067239287831163,0.0
1150.0,0.041457497,0.48618412639201675,0.0
1155.0,0.055697326,0.4147826945776089,0.0
1160.0,0.05642916,0.35197119866251986,0.0
1165.0,0.040431615,0.40343414880197076,0.0
1170.0,0.040891573,0.3563265687685951,0.0
1175.0,0.03569337,0.3999741103876726,0.0
1180.0,0.031086862,0.3446846574015752,0.0
1185.0,0.021952875,0.33157315582814634,0.0
1190.0,0.024992349,0.30475233745695185,0.0
1195.0,0.038161013,0.3007160346347544,0.0
1200.0,0.034085713,0.353275769338894,0.0
1205.0,0.06949326,0.4028657999516033,0.0
1210.0,0.041713152,0.3711482541344194,0.0
1215.0,0.07407368,0.39251426815048523,0.0
1220.0,0.81809133,0.3368996773768358,0.0
1225.0,0.9006417,0.35434723295447856,0.0
1230.0,0.89270556,0.3461350169850257,0.0
1235.0,0.9083099,0.37120683350712724,0.0
1240.0,0.8901861,0.3956168362868634,0.0
1245.0,0.8385326,0.4283238618667518,0.0
1250.0,0.88748986,0.4721169475489533,0.0
1255.0,0.8923269,0.4109908419486483,0.0
1260.0,0.8521516,0.38744032215327295,0.0
1265.0,0.89855397,0.34923182298730093,0.0
1270.0,0.17059118,0.39131739479892275,0.0
1275.0,0.07833328,0.41873991606987,0.0
1280.0,0.08192648,0.40016218050221963,0.0
1285.0,0.059200756,0.34751638970111487,0.0
1290.0,0.03881562,0.2953124689376793,0.0
1295.0,0.041092552,0.3316615324963244,0.0
1300.0,0.07739915,0.3467272819365371,0.0
1305.0,0.072824895,0.3526621967469863,0.0
1310.0,0.08900714,0.3386738433693158,0.0
1315.0,0.10410732,0.29103536776439654,0.0
1320.0,0.07832858,0.2762530081432488,0.0
1325.0,0.10999325,0.274829542217242,0.0
1330.0,0.11771447,0.3048093782258078,0.0
1335.0,0.20187141,0.29354065719675676,0.0
1340.0,0.8243165,0.26135203382367084,0.0
1345.0,0.8833256,0.258283316251627,0.0
1350.0,0.87264526,0.4044645931425081,0.0
1355.0,0.9096009,0.43784805378753067,0.0
1360.0,0.88821274,0.6859129705694833,0.0
1365.0,0.91923404,0.6702593080035485,0.0
1370.0,0.91136795,0.5693824311747387,0.0
1375.0,0.920099,0.466781739004623,0.0
1380.0,0.9293473,0.41494474186779207,0.0
1385.0,0.941468,0.39344906076039216,0.0
1390.0,0.79937595,0.33929269171245535,0.0
1395.0,0.11758487,0.3364758086799412,0.0
1400.0,0.105831005,0.36717561605800064,0.0
1405.0,0.07779398,0.34898253116355993,0.0
1410.0,0.09896816,0.2855133002568119,0.0
1415.0,0.09111475,0.31027471328880346,0.0
1420.0,0.09764988,0.27055228138076043,0.0
1425.0,0.08219267,0.31894282247529565,0.0
1430.0,0.15530555,0.34812676173738477,0.0
1435.0,0.14851038,0.31028622788498833,0.0
1440.0,0.32523936,0.293405412452218,0.0
1445.0,0.15511681,0.22263584240266168,0.0
1450.0,0.31597403,0.23746138028925728,0.0
1455.0,0.34383336,0.206841320552603,0.0
1460.0,0.47913113,0.24227964058517645,0.0
1465.0,0.665554,0.3334229452586457,0.0
1470.0,0.5128191,0.41315063948690384,0.0
1475.0,0.6565932,0.39829032622698035,0.0
1480.0,0.40433827,0.44448179621228395,0.0
1485.0,0.6674278,0.35646862211522334,0.0
1490.0,0.42435533,0.31185835630375247,0.0
1495.0,0.5345669,0.3528229665203641,0.0
1500.0,0.46714908,0.330978694916515,0.0
1505.0,0.48030427,0.3236793399811571,0.0
1510.0,0.35572615,0.35812961804204674,0.0
1515.0,0.31937498,0.3393729242350407,0.0
1520.0,0.13960502,0.30564736698036954,0.0
1525.0,0.078280985,0.2900363786526265,0.0
1530.0,0.066274285,0.3171495033224449,0.0
1535.0,0.11959318,0.3125348251313399,0.0
1540.0,0.096308954,0.3337213030212275,0.0
1545.0,0.08319451,0.33161518648593463,0.0
1550.0,0.06254616,0.3350653128727544,0.0
1555.0,0.07586941,0.3438681970014561,0.0
1560.0,0.06335972,0.2759196305729061,0.0
1565.0,0.068182856,0.297373170482093,0.0
1570.0,0.059480727,0.36061911431614146,0.0
1575.0,0.11330986,0.36033284766735596,0.0
1580.0,0.8641067,0.3261467066060884,0.0
1585.0,0.91240555,0.3295823738855064,0.0
1590.0,0.939869,0.4102552737046588,0.0
1595.0,0.9387337,0.4617373415362282,0.0
1600.0,0.9476903,0.5104284853280183,0.0
1605.0,0.94718945,0.5867451442961698,0.0
1610.0,0.94530314,0.4731818582943066,0.0
1615.0,0.9196846,0.38921252218461927,0.0
1620.0,0.93200016,0.36663915537342207,0.0
1625.0,0.93070346,0.3692378874704879,0.0
1630.0,0.81933475,0.3476383821328845,0.0
1635.0,0.16899036,0.37785983866635214,0.0
1640.0,0.08491258,0.3860924159644893,0.0
1645.0,0.053328484,0.36359757184945546,0.0
1650.0,0.049943715,0.2943067598507019,0.0
1655.0,0.041809883,0.2949170854176649,0.0
1660.0,0.031510875,0.24188670340454824,0.0
1665.0,0.031005643,0.21986004460655972,0.0
1670.0,0.108352914,0.23158285914116888,0.0
1675.0,0.31783247,0.2825368224153572,0.0
1680.0,0.26311275,0.31244614509549823,0.0
1685.0,0.3407203,0.3032416735622595,0.0
1690.0,0.28612167,0.3575122234097104,0.0
1695.0,0.25346747,0.2944430081923335,0.0
1700.0,0.8363701,0.2979644489205817,0.03333333333333333
1705.0,0.78049505,0.40361608777178154,0.06666666666666667
1710.0,0.817747,0.4569234389089878,0.1
1715.0,0.7212559,0.5023343926741314,0.13333333333333333
1720.0,0.778504,0.5530800277224152,0.16666666666666666
1725.0,0.72922313,0.667160826989072,0.2
1730.0,0.7404919,0.47698793775284976,0.23333333333333334
1735.0,0.6066169,0.3793845953007296,0.26666666666666666
1740.0,0.6579302,0.34850399033175383,0.3
1745.0,0.55328774,0.3641376852838428,0.3333333333333333
1750.0,0.3573226,0.3835579247719605,0.36666666666666664
1755.0,0.0172893,0.3899535427130747,0.4
