night,hours,n_windows,flag_rate_frozen,flag_rate_handcrafted,median_p_frozen,median_p_handcrafted
S03,1.56,187,0.058823529411764705,0.0748663101604278,0.12999047338962555,0.42582156196605253
S04,7.54,904,0.023230088495575223,0.03871681415929203,0.09546738862991333,0.413534888599043
S06,3.91,469,0.05543710021321962,0.029850746268656716,0.14416515827178955,0.41137786583139063
S07,5.78,693,0.01875901875901876,0.047619047619047616,0.10320968925952911,0.4180395129895755
S08,0.78,93,0.0,0.0967741935483871,0.06067280098795891,0.4455855709658207
S10,2.81,336,0.002976190476190476,0.06845238095238096,0.11869114637374878,0.4237845207264267
S11,1.1,131,0.015267175572519083,0.0,0.05167435109615326,0.32275820162575647
S12,5.24,628,0.041401273885350316,0.03980891719745223,0.126847505569458,0.41854019235210865
S13,5.83,699,0.011444921316165951,0.045779685264663805,0.1271587461233139,0.4244406529738369
S15,6.88,825,0.05333333333333334,0.05333333333333334,0.11948008835315704,0.41874492080045683
