fold,row,c,y,p,kind,pad_frac
1,182,1000.0,1,0.9063309,pos,0.0
1,183,1005.0,1,0.89357644,pos,0.0
1,184,1010.0,1,0.8676456,pos,0.0
1,185,1015.0,1,0.8779378,pos,0.0
1,186,1050.0,0,0.09862951,rest,0.0
1,187,1055.0,0,0.07762503,rest,0.0
1,188,1060.0,0,0.31215027,rest,0.0
1,189,1065.0,0,0.4420587,rest,0.0
2,190,1070.0,0,0.39561215,rest,0.0
2,191,1075.0,0,0.44282484,rest,0.0
2,192,1080.0,0,0.42130613,rest,0.0
2,193,1085.0,0,0.35192245,rest,0.0
2,194,1120.0,1,0.84457177,pos,0.0
2,195,1125.0,1,0.8373172,pos,0.0
2,196,1130.0,1,0.8067232,pos,0.0
2,197,1135.0,1,0.8466721,pos,0.0
2,198,1170.0,0,0.0990871,rest,0.0
2,199,1175.0,0,0.088854894,rest,0.0
2,200,1180.0,0,0.069687255,rest,0.0
2,201,1185.0,0,0.050844338,rest,0.0
3,202,1190.0,0,0.04929461,rest,0.0
3,203,1195.0,0,0.06902927,rest,0.0
3,204,1200.0,0,0.057592515,rest,0.0
3,205,1205.0,0,0.11130704,rest,0.0
3,206,1240.0,1,0.8654716,pos,0.0
3,207,1245.0,1,0.7980484,pos,0.0
3,208,1250.0,1,0.86008626,pos,0.0
3,209,1255.0,1,0.86002827,pos,0.0
3,210,1290.0,0,0.07117115,rest,0.0
3,211,1295.0,0,0.074751176,rest,0.0
3,212,1300.0,0,0.13903129,rest,0.0
3,213,1305.0,0,0.12689555,rest,0.0
4,214,1310.0,0,0.15517311,rest,0.0
4,215,1315.0,0,0.17026818,rest,0.0
4,216,1320.0,0,0.12668872,rest,0.0
4,217,1325.0,0,0.15951124,rest,0.0
4,218,1360.0,1,0.9068307,pos,0.0
4,219,1365.0,1,0.9351761,pos,0.0
4,220,1370.0,1,0.9309592,pos,0.0
4,221,1375.0,1,0.93285924,pos,0.0
4,222,1410.0,0,0.30072752,rest,0.0
4,223,1415.0,0,0.2792239,rest,0.0
4,224,1420.0,0,0.30029705,rest,0.0
4,225,1425.0,0,0.2648193,rest,0.0
5,226,1430.0,0,0.0754414,rest,0.0
5,227,1435.0,0,0.06581657,rest,0.0
5,228,1440.0,0,0.10861465,rest,0.0
5,229,1445.0,0,0.015463458,rest,0.0
5,230,1480.0,1,0.020241579,pos,0.0
5,231,1485.0,1,0.056731872,pos,0.0
5,232,1490.0,1,0.018834222,pos,0.0
5,233,1495.0,1,0.0239139,pos,0.0
5,234,1530.0,0,0.027724326,rest,0.0
5,235,1535.0,0,0.09704771,rest,0.0
5,236,1540.0,0,0.12574561,rest,0.0
5,237,1545.0,0,0.0844501,rest,0.0
6,238,1550.0,0,0.12938109,rest,0.0
6,239,1555.0,0,0.14176516,rest,0.0
6,240,1560.0,0,0.12869895,rest,0.0
6,241,1565.0,0,0.14549914,rest,0.0
6,242,1600.0,1,0.94105613,pos,0.0
6,243,1605.0,1,0.9380565,pos,0.0
6,244,1610.0,1,0.9385304,pos,0.0
6,245,1615.0,1,0.92117894,pos,0.0
6,246,1650.0,0,0.14543028,rest,0.0
6,247,1655.0,0,0.13793376,rest,0.0
6,248,1660.0,0,0.09975681,rest,0.0
6,249,1665.0,0,0.1316518,rest,0.0
7,250,1670.0,0,0.061279904,rest,0.0
7,251,1675.0,0,0.23660612,rest,0.0
7,252,1680.0,0,0.19924484,rest,0.0
7,253,1685.0,0,0.30820638,rest,0.0
7,254,1720.0,1,0.39658046,pos,0.16666666666666666
7,255,1725.0,1,0.29717556,pos,0.2
7,256,1730.0,1,0.25765538,pos,0.23333333333333334
7,257,1735.0,1,0.14506769,pos,0.26666666666666666
