c,kind,event,label,max_overlap_s,min_dist_s,pad_frac,in_start,in_end
15.0,baseline,0,0,0.0,966.0466740000002,0.4,-60.0,90.0
20.0,baseline,0,0,0.0,961.0466740000002,0.36666666666666664,-55.0,95.0
25.0,baseline,0,0,0.0,956.0466740000002,0.3333333333333333,-50.0,100.0
30.0,baseline,0,0,0.0,951.0466740000002,0.3,-45.0,105.0
35.0,baseline,0,0,0.0,946.0466740000002,0.26666666666666666,-40.0,110.0
40.0,baseline,0,0,0.0,941.0466740000002,0.23333333333333334,-35.0,115.0
45.0,baseline,0,0,0.0,936.0466740000002,0.2,-30.0,120.0
50.0,baseline,0,0,0.0,931.0466740000002,0.16666666666666666,-25.0,125.0
55.0,baseline,0,0,0.0,926.0466740000002,0.13333333333333333,-20.0,130.0
60.0,baseline,0,0,0.0,921.0466740000002,0.1,-15.0,135.0
65.0,baseline,0,0,0.0,916.0466740000002,0.06666666666666667,-10.0,140.0
70.0,baseline,0,0,0.0,911.0466740000002,0.03333333333333333,-5.0,145.0
75.0,baseline,0,0,0.0,906.0466740000002,0.0,0.0,150.0
80.0,baseline,0,0,0.0,901.0466740000002,0.0,5.0,155.0
85.0,baseline,0,0,0.0,896.0466740000002,0.0,10.0,160.0
90.0,baseline,0,0,0.0,891.0466740000002,0.0,15.0,165.0
95.0,baseline,0,0,0.0,886.0466740000002,0.0,20.0,170.0
100.0,baseline,0,0,0.0,881.0466740000002,0.0,25.0,175.0
105.0,baseline,0,0,0.0,876.0466740000002,0.0,30.0,180.0
110.0,baseline,0,0,0.0,871.0466740000002,0.0,35.0,185.0
115.0,baseline,0,0,0.0,866.0466740000002,0.0,40.0,190.0
120.0,baseline,0,0,0.0,861.0466740000002,0.0,45.0,195.0
125.0,baseline,0,0,0.0,856.0466740000002,0.0,50.0,200.0
130.0,baseline,0,0,0.0,851.0466740000002,0.0,55.0,205.0
135.0,baseline,0,0,0.0,846.0466740000002,0.0,60.0,210.0
140.0,baseline,0,0,0.0,841.0466740000002,0.0,65.0,215.0
145.0,baseline,0,0,0.0,836.0466740000002,0.0,70.0,220.0
150.0,baseline,0,0,0.0,831.0466740000002,0.0,75.0,225.0
155.0,baseline,0,0,0.0,826.0466740000002,0.0,80.0,230.0
160.0,baseline,0,0,0.0,821.0466740000002,0.0,85.0,235.0
165.0,baseline,0,0,0.0,816.0466740000002,0.0,90.0,240.0
170.0,baseline,0,0,0.0,811.0466740000002,0.0,95.0,245.0
175.0,baseline,0,0,0.0,806.0466740000002,0.0,100.0,250.0
180.0,baseline,0,0,0.0,801.0466740000002,0.0,105.0,255.0
185.0,baseline,0,0,0.0,796.0466740000002,0.0,110.0,260.0
190.0,baseline,0,0,0.0,791.0466740000002,0.0,115.0,265.0
195.0,baseline,0,0,0.0,786.0466740000002,0.0,120.0,270.0
200.0,baseline,0,0,0.0,781.0466740000002,0.0,125.0,275.0
205.0,baseline,0,0,0.0,776.0466740000002,0.0,130.0,280.0
210.0,baseline,0,0,0.0,771.0466740000002,0.0,135.0,285.0
215.0,baseline,0,0,0.0,766.0466740000002,0.0,140.0,290.0
220.0,baseline,0,0,0.0,761.0466740000002,0.0,145.0,295.0
225.0,baseline,0,0,0.0,756.0466740000002,0.0,150.0,300.0
230.0,baseline,0,0,0.0,751.0466740000002,0.0,155.0,305.0
235.0,baseline,0,0,0.0,746.0466740000002,0.0,160.0,310.0
240.0,baseline,0,0,0.0,741.0466740000002,0.0,165.0,315.0
245.0,baseline,0,0,0.0,736.0466740000002,0.0,170.0,320.0
250.0,baseline,0,0,0.0,731.0466740000002,0.0,175.0,325.0
255.0,baseline,0,0,0.0,726.0466740000002,0.0,180.0,330.0
260.0,baseline,0,0,0.0,721.0466740000002,0.0,185.0,335.0
265.0,baseline,0,0,0.0,716.0466740000002,0.0,190.0,340.0
270.0,baseline,0,0,0.0,711.0466740000002,0.0,195.0,345.0
275.0,baseline,0,0,0.0,706.0466740000002,0.0,200.0,350.0
280.0,baseline,0,0,0.0,701.0466740000002,0.0,205.0,355.0
285.0,baseline,0,0,0.0,696.0466740000002,0.0,210.0,360.0
290.0,baseline,0,0,0.0,691.0466740000002,0.0,215.0,365.0
295.0,baseline,0,0,0.0,686.0466740000002,0.0,220.0,370.0
300.0,baseline,0,0,0.0,681.0466740000002,0.0,225.0,375.0
305.0,baseline,0,0,0.0,676.0466740000002,0.0,230.0,380.0
310.0,baseline,0,0,0.0,671.0466740000002,0.0,235.0,385.0
315.0,baseline,0,0,0.0,666.0466740000002,0.0,240.0,390.0
320.0,baseline,0,0,0.0,661.0466740000002,0.0,245.0,395.0
325.0,baseline,0,0,0.0,656.0466740000002,0.0,250.0,400.0
330.0,baseline,0,0,0.0,651.0466740000002,0.0,255.0,405.0
335.0,baseline,0,0,0.0,646.0466740000002,0.0,260.0,410.0
340.0,baseline,0,0,0.0,641.0466740000002,0.0,265.0,415.0
345.0,baseline,0,0,0.0,636.0466740000002,0.0,270.0,420.0
350.0,baseline,0,0,0.0,631.0466740000002,0.0,275.0,425.0
355.0,baseline,0,0,0.0,626.0466740000002,0.0,280.0,430.0
360.0,baseline,0,0,0.0,621.0466740000002,0.0,285.0,435.0
365.0,baseline,0,0,0.0,616.0466740000002,0.0,290.0,440.0
370.0,baseline,0,0,0.0,611.0466740000002,0.0,295.0,445.0
375.0,baseline,0,0,0.0,606.0466740000002,0.0,300.0,450.0
380.0,baseline,0,0,0.0,601.0466740000002,0.0,305.0,455.0
385.0,baseline,0,0,0.0,596.0466740000002,0.0,310.0,460.0
390.0,baseline,0,0,0.0,591.0466740000002,0.0,315.0,465.0
395.0,baseline,0,0,0.0,586.0466740000002,0.0,320.0,470.0
400.0,baseline,0,0,0.0,581.0466740000002,0.0,325.0,475.0
405.0,baseline,0,0,0.0,576.0466740000002,0.0,330.0,480.0
410.0,baseline,0,0,0.0,571.0466740000002,0.0,335.0,485.0
415.0,baseline,0,0,0.0,566.0466740000002,0.0,340.0,490.0
420.0,baseline,0,0,0.0,561.0466740000002,0.0,345.0,495.0
425.0,baseline,0,0,0.0,556.0466740000002,0.0,350.0,500.0
430.0,baseline,0,0,0.0,551.0466740000002,0.0,355.0,505.0
435.0,baseline,0,0,0.0,546.0466740000002,0.0,360.0,510.0
440.0,baseline,0,0,0.0,541.0466740000002,0.0,365.0,515.0
445.0,baseline,0,0,0.0,536.0466740000002,0.0,370.0,520.0
450.0,baseline,0,0,0.0,531.0466740000002,0.0,375.0,525.0
455.0,baseline,0,0,0.0,526.0466740000002,0.0,380.0,530.0
460.0,baseline,0,0,0.0,521.0466740000002,0.0,385.0,535.0
465.0,baseline,0,0,0.0,516.0466740000002,0.0,390.0,540.0
470.0,baseline,0,0,0.0,511.04667400000017,0.0,395.0,545.0
475.0,baseline,0,0,0.0,506.04667400000017,0.0,400.0,550.0
480.0,baseline,0,0,0.0,501.04667400000017,0.0,405.0,555.0
485.0,baseline,0,0,0.0,496.04667400000017,0.0,410.0,560.0
490.0,baseline,0,0,0.0,491.04667400000017,0.0,415.0,565.0
495.0,baseline,0,0,0.0,486.04667400000017,0.0,420.0,570.0
500.0,baseline,0,0,0.0,481.04667400000017,0.0,425.0,575.0
505.0,baseline,0,0,0.0,476.04667400000017,0.0,430.0,580.0
510.0,baseline,0,0,0.0,471.04667400000017,0.0,435.0,585.0
515.0,baseline,0,0,0.0,466.04667400000017,0.0,440.0,590.0
520.0,baseline,0,0,0.0,461.04667400000017,0.0,445.0,595.0
525.0,baseline,0,0,0.0,456.04667400000017,0.0,450.0,600.0
530.0,baseline,0,0,0.0,451.04667400000017,0.0,455.0,605.0
535.0,baseline,0,0,0.0,446.04667400000017,0.0,460.0,610.0
540.0,baseline,0,0,0.0,441.04667400000017,0.0,465.0,615.0
545.0,baseline,0,0,0.0,436.04667400000017,0.0,470.0,620.0
550.0,baseline,0,0,0.0,431.04667400000017,0.0,475.0,625.0
555.0,baseline,0,0,0.0,426.04667400000017,0.0,480.0,630.0
560.0,baseline,0,0,0.0,421.04667400000017,0.0,485.0,635.0
565.0,baseline,0,0,0.0,416.04667400000017,0.0,490.0,640.0
570.0,baseline,0,0,0.0,411.04667400000017,0.0,495.0,645.0
575.0,baseline,0,0,0.0,406.04667400000017,0.0,500.0,650.0
580.0,baseline,0,0,0.0,401.04667400000017,0.0,505.0,655.0
585.0,baseline,0,0,0.0,396.04667400000017,0.0,510.0,660.0
590.0,baseline,0,0,0.0,391.04667400000017,0.0,515.0,665.0
595.0,baseline,0,0,0.0,386.04667400000017,0.0,520.0,670.0
600.0,baseline,0,0,0.0,381.04667400000017,0.0,525.0,675.0
605.0,baseline,0,0,0.0,376.04667400000017,0.0,530.0,680.0
610.0,baseline,0,0,0.0,371.04667400000017,0.0,535.0,685.0
615.0,baseline,0,0,0.0,366.04667400000017,0.0,540.0,690.0
620.0,baseline,0,0,0.0,361.04667400000017,0.0,545.0,695.0
625.0,baseline,0,0,0.0,356.04667400000017,0.0,550.0,700.0
630.0,baseline,0,0,0.0,351.04667400000017,0.0,555.0,705.0
635.0,baseline,0,0,0.0,346.04667400000017,0.0,560.0,710.0
640.0,baseline,0,0,0.0,341.04667400000017,0.0,565.0,715.0
645.0,baseline,0,0,0.0,336.04667400000017,0.0,570.0,720.0
650.0,baseline,0,0,0.0,331.04667400000017,0.0,575.0,725.0
655.0,baseline,0,0,0.0,326.04667400000017,0.0,580.0,730.0
660.0,baseline,0,0,0.0,321.04667400000017,0.0,585.0,735.0
665.0,baseline,0,0,0.0,316.04667400000017,0.0,590.0,740.0
670.0,baseline,0,0,0.0,311.04667400000017,0.0,595.0,745.0
675.0,baseline,0,0,0.0,306.04667400000017,0.0,600.0,750.0
680.0,baseline,0,0,0.0,301.04667400000017,0.0,605.0,755.0
685.0,baseline,0,0,0.0,296.04667400000017,0.0,610.0,760.0
690.0,baseline,0,0,0.0,291.04667400000017,0.0,615.0,765.0
695.0,baseline,0,0,0.0,286.04667400000017,0.0,620.0,770.0
700.0,baseline,0,0,0.0,281.04667400000017,0.0,625.0,775.0
705.0,baseline,0,0,0.0,276.04667400000017,0.0,630.0,780.0
710.0,baseline,0,0,0.0,271.04667400000017,0.0,635.0,785.0
715.0,baseline,0,0,0.0,266.04667400000017,0.0,640.0,790.0
720.0,baseline,0,0,0.0,261.04667400000017,0.0,645.0,795.0
725.0,baseline,0,0,0.0,256.04667400000017,0.0,650.0,800.0
730.0,baseline,0,0,0.0,251.04667400000017,0.0,655.0,805.0
735.0,baseline,0,0,0.0,246.04667400000017,0.0,660.0,810.0
740.0,baseline,0,0,0.0,241.04667400000017,0.0,665.0,815.0
745.0,baseline,0,0,0.0,236.04667400000017,0.0,670.0,820.0
750.0,baseline,0,0,0.0,231.04667400000017,0.0,675.0,825.0
755.0,baseline,0,0,0.0,226.04667400000017,0.0,680.0,830.0
760.0,baseline,0,0,0.0,221.04667400000017,0.0,685.0,835.0
765.0,baseline,0,0,0.0,216.04667400000017,0.0,690.0,840.0
770.0,baseline,0,0,0.0,211.04667400000017,0.0,695.0,845.0
775.0,baseline,0,0,0.0,206.04667400000017,0.0,700.0,850.0
780.0,baseline,0,0,0.0,201.04667400000017,0.0,705.0,855.0
785.0,baseline,0,0,0.0,196.04667400000017,0.0,710.0,860.0
790.0,baseline,0,0,0.0,191.04667400000017,0.0,715.0,865.0
795.0,baseline,0,0,0.0,186.04667400000017,0.0,720.0,870.0
800.0,baseline,0,0,0.0,181.04667400000017,0.0,725.0,875.0
805.0,baseline,0,0,0.0,176.04667400000017,0.0,730.0,880.0
810.0,baseline,0,0,0.0,171.04667400000017,0.0,735.0,885.0
815.0,baseline,0,0,0.0,166.04667400000017,0.0,740.0,890.0
820.0,baseline,0,0,0.0,161.04667400000017,0.0,745.0,895.0
825.0,baseline,0,0,0.0,156.04667400000017,0.0,750.0,900.0
830.0,baseline,0,0,0.0,151.04667400000017,0.0,755.0,905.0
835.0,baseline,0,0,0.0,146.04667400000017,0.0,760.0,910.0
840.0,baseline,0,0,0.0,141.04667400000017,0.0,765.0,915.0
845.0,baseline,0,0,0.0,136.04667400000017,0.0,770.0,920.0
850.0,baseline,0,0,0.0,131.04667400000017,0.0,775.0,925.0
855.0,baseline,0,0,0.0,126.04667400000017,0.0,780.0,930.0
860.0,baseline,0,0,0.0,121.04667400000017,0.0,785.0,935.0
865.0,baseline,0,0,0.0,116.04667400000017,0.0,790.0,940.0
870.0,baseline,0,0,0.0,111.04667400000017,0.0,795.0,945.0
875.0,baseline,0,0,0.0,106.04667400000017,0.0,800.0,950.0
880.0,baseline,0,0,0.0,101.04667400000017,0.0,805.0,955.0
885.0,baseline,0,0,0.0,96.04667400000017,0.0,810.0,960.0
890.0,baseline,0,0,0.0,91.04667400000017,0.0,815.0,965.0
895.0,baseline,0,0,0.0,86.04667400000017,0.0,820.0,970.0
900.0,baseline,0,0,0.0,81.04667400000017,0.0,825.0,975.0
905.0,baseline,0,0,0.0,76.04667400000017,0.0,830.0,980.0
910.0,baseline,0,0,0.0,71.04667400000017,0.0,835.0,985.0
915.0,baseline,0,0,0.0,66.04667400000017,0.0,840.0,990.0
920.0,baseline,0,0,0.0,61.046674000000166,0.0,845.0,995.0
1000.0,pos,1,1,18.953325999999834,-18.953325999999834,0.0,925.0,1075.0
1005.0,pos,1,1,19.71665199999984,-23.953325999999834,0.0,930.0,1080.0
1010.0,pos,1,1,19.71665199999984,-20.763326000000006,0.0,935.0,1085.0
1015.0,pos,1,1,15.763326000000006,-15.763326000000006,0.0,940.0,1090.0
1050.0,rest,1,0,0.0,19.236673999999994,0.0,975.0,1125.0
1055.0,rest,1,0,0.0,24.236673999999994,0.0,980.0,1130.0
1060.0,rest,1,0,0.0,29.236673999999994,0.0,985.0,1135.0
1065.0,rest,1,0,0.0,34.236673999999994,0.0,990.0,1140.0
1070.0,rest,2,0,0.0,30.786674000000176,0.0,995.0,1145.0
1075.0,rest,2,0,0.0,25.786674000000176,0.0,1000.0,1150.0
1080.0,rest,2,0,0.0,20.786674000000176,0.0,1005.0,1155.0
1085.0,rest,2,0,0.0,15.786674000000176,0.0,1010.0,1160.0
1120.0,pos,2,1,19.213325999999824,-19.213325999999824,0.0,1045.0,1195.0
1125.0,pos,2,1,19.93665199999964,-24.213325999999824,0.0,1050.0,1200.0
1130.0,pos,2,1,19.93665199999964,-20.723325999999815,0.0,1055.0,1205.0
1135.0,pos,2,1,15.723325999999815,-15.723325999999815,0.0,1060.0,1210.0
1170.0,rest,2,0,0.0,19.276674000000185,0.0,1095.0,1245.0
1175.0,rest,2,0,0.0,24.276674000000185,0.0,1100.0,1250.0
1180.0,rest,2,0,0.0,29.276674000000185,0.0,1105.0,1255.0
1185.0,rest,2,0,0.0,34.276674000000185,0.0,1110.0,1260.0
1190.0,rest,3,0,0.0,30.906674000000066,0.0,1115.0,1265.0
1195.0,rest,3,0,0.0,25.906674000000066,0.0,1120.0,1270.0
1200.0,rest,3,0,0.0,20.906674000000066,0.0,1125.0,1275.0
1205.0,rest,3,0,0.0,15.906674000000066,0.0,1130.0,1280.0
1240.0,pos,3,1,19.093325999999934,-19.093325999999934,0.0,1165.0,1315.0
1245.0,pos,3,1,20.866651999999704,-24.093325999999934,0.0,1170.0,1320.0
1250.0,pos,3,1,20.866651999999704,-21.77332599999977,0.0,1175.0,1325.0
1255.0,pos,3,1,16.77332599999977,-16.77332599999977,0.0,1180.0,1330.0
1290.0,rest,3,0,0.0,18.22667400000023,0.0,1215.0,1365.0
1295.0,rest,3,0,0.0,23.22667400000023,0.0,1220.0,1370.0
1300.0,rest,3,0,0.0,28.22667400000023,0.0,1225.0,1375.0
1305.0,rest,3,0,0.0,33.22667400000023,0.0,1230.0,1380.0
1310.0,rest,4,0,0.0,32.3366739999999,0.0,1235.0,1385.0
1315.0,rest,4,0,0.0,27.336673999999903,0.0,1240.0,1390.0
1320.0,rest,4,0,0.0,22.336673999999903,0.0,1245.0,1395.0
1325.0,rest,4,0,0.0,17.336673999999903,0.0,1250.0,1400.0
1360.0,pos,4,1,17.663326000000097,-17.663326000000097,0.0,1285.0,1435.0
1365.0,pos,4,1,21.166651999999885,-22.663326000000097,0.0,1290.0,1440.0
1370.0,pos,4,1,21.166651999999885,-23.503325999999788,0.0,1295.0,1445.0
1375.0,pos,4,1,18.503325999999788,-18.503325999999788,0.0,1300.0,1450.0
1410.0,rest,4,0,0.0,16.496674000000212,0.0,1335.0,1485.0
1415.0,rest,4,0,0.0,21.496674000000212,0.0,1340.0,1490.0
1420.0,rest,4,0,0.0,26.496674000000212,0.0,1345.0,1495.0
1425.0,rest,4,0,0.0,31.496674000000212,0.0,1350.0,1500.0
1430.0,rest,5,0,0.0,30.46667400000024,0.0,1355.0,1505.0
1435.0,rest,5,0,0.0,25.46667400000024,0.0,1360.0,1510.0
1440.0,rest,5,0,0.0,20.46667400000024,0.0,1365.0,1515.0
1445.0,rest,5,0,0.0,15.46667400000024,0.0,1370.0,1520.0
1480.0,pos,5,1,19.53332599999976,-19.53332599999976,0.0,1405.0,1555.0
1485.0,pos,5,1,21.106651999999713,-24.53332599999976,0.0,1410.0,1560.0
1490.0,pos,5,1,21.106651999999713,-21.573325999999952,0.0,1415.0,1565.0
1495.0,pos,5,1,16.573325999999952,-16.573325999999952,0.0,1420.0,1570.0
1530.0,rest,5,0,0.0,18.426674000000048,0.0,1455.0,1605.0
1535.0,rest,5,0,0.0,23.426674000000048,0.0,1460.0,1610.0
1540.0,rest,5,0,0.0,28.426674000000048,0.0,1465.0,1615.0
1545.0,rest,5,0,0.0,33.42667400000005,0.0,1470.0,1620.0
1550.0,rest,6,0,0.0,31.846673999999894,0.0,1475.0,1625.0
1555.0,rest,6,0,0.0,26.846673999999894,0.0,1480.0,1630.0
1560.0,rest,6,0,0.0,21.846673999999894,0.0,1485.0,1635.0
1565.0,rest,6,0,0.0,16.846673999999894,0.0,1490.0,1640.0
1600.0,pos,6,1,18.153326000000106,-18.153326000000106,0.0,1525.0,1675.0
1605.0,pos,6,1,20.86665199999993,-23.153326000000106,0.0,1530.0,1680.0
1610.0,pos,6,1,20.86665199999993,-22.713325999999824,0.0,1535.0,1685.0
1615.0,pos,6,1,17.713325999999824,-17.713325999999824,0.0,1540.0,1690.0
1650.0,rest,6,0,0.0,17.286674000000176,0.0,1575.0,1725.0
1655.0,rest,6,0,0.0,22.286674000000176,0.0,1580.0,1730.0
1660.0,rest,6,0,0.0,27.286674000000176,0.0,1585.0,1735.0
1665.0,rest,6,0,0.0,32.286674000000176,0.0,1590.0,1740.0
1670.0,rest,7,0,0.0,33.016674000000194,0.0,1595.0,1745.0
1675.0,rest,7,0,0.0,28.016674000000194,0.0,1600.0,1750.0
1680.0,rest,7,0,0.0,23.016674000000194,0.0,1605.0,1755.0
1685.0,rest,7,0,0.0,18.016674000000194,0.0,1610.0,1760.0
1720.0,pos,7,1,16.983325999999806,-16.983325999999806,0.16666666666666666,1645.0,1795.0
1725.0,pos,7,1,20.93665199999964,-21.983325999999806,0.2,1650.0,1800.0
1730.0,pos,7,1,20.93665199999964,-23.953325999999834,0.23333333333333334,1655.0,1805.0
1735.0,pos,7,1,18.953325999999834,-18.953325999999834,0.26666666666666666,1660.0,1810.0
