idx,pred_rate,label_rate,prob_rate,ahi_a0h3,ahi_a0h4,ahi_xml_all
0,51.707317073170735,21.463414634146343,48.92823754287348,10.0,5.3658536585,19.87804878048781
1,86.3076923076923,38.53846153846154,66.47096135066106,36.230769231,27.461538462,27.230769230769237
2,1.1764705882352942,29.41176470588235,37.473076315487134,7.0588235294,1.4117647059,24.94117647058824
3,95.18644067796609,36.61016949152542,67.34209480932203,43.93220339,38.033898305,27.05084745762712
4,51.77195685670262,40.30816640986133,52.2624481624374,6.4615384615,4.9846153846,36.61016949152543
5,41.971830985915496,7.746478873239437,52.81524228378081,1.5492957746,0.8450704225,5.352112676056338
6,78.07486631016043,38.50267379679145,59.869613239471924,20.711743772,15.800711744,26.09625668449198
7,55.70011025358324,28.44542447629548,62.962238686087375,24.713656388,18.237885463,23.15325248070562
8,84.71641791044776,36.17910447761194,66.33576623717352,15.223880597,10.388059701,28.29850746268657
9,62.86764705882353,37.830882352941174,57.55449856028837,19.632352941,12.022058824,31.654411764705884
10,21.644562334217508,15.755968169761273,31.812552292720078,58.726790451,54.907161804,19.41644562334217
11,37.15536105032823,14.573304157549234,50.82732152625821,8.533916849,3.8074398249,12.99781181619256
12,34.07734806629834,64.44198895027624,55.13417752935083,63.708609272,58.145695364,50.25414364640884
13,2.7238335435056746,12.711223203026481,38.42465721794215,0.9068010076,0.604534005,8.9281210592686
14,38.5511811023622,61.41732283464567,59.052949680118104,41.132075472,37.358490566,37.79527559055118
15,71.1764705882353,24.901960784313726,60.02106909658395,1.3725490196,0.9803921569,21.764705882352946
16,98.54838709677419,40.64516129032258,72.4627439437374,44.032258065,39.032258065,27.90322580645161
17,92.7,53.4,61.98489074707031,54.3,42.0,40.5
18,43.73684210526316,14.210526315789474,47.56203581157484,15.947368421,9.3157894737,10.578947368421051
19,22.512908777969017,59.69018932874354,49.20086491333638,48.453608247,31.958762887,48.950086058519794
20,39.657282741738065,8.518971848225213,39.77499019851591,8.9486552567,6.0146699267,10.134638922888616
21,1.6338880484114977,5.627836611195159,9.092056343667265,16.858006042,13.232628399,18.51739788199697
22,73.56037151702787,29.10216718266254,61.1544147881192,9.4020618557,3.4639175258,25.758513931888547
23,53.70810810810811,10.118918918918919,51.86581371410473,5.9611231102,3.7580993521,6.745945945945946
24,42.993197278911566,16.054421768707485,49.6456224091199,6.1224489796,1.2244897959,11.700680272108844
25,77.62460233297985,55.9915164369035,59.97058662099019,39.533898305,30.63559322,38.68504772004242
26,49.633507853403145,45.23560209424084,58.18648892547448,29.842931937,19.633507853,36.75392670157069
27,37.826086956521735,19.855072463768114,49.92581574813179,12.898550725,5.652173913,13.478260869565217
28,75.92385218365062,19.888017917133258,50.6279608543883,16.77852349,9.5302013423,21.634938409854424
29,48.19332566168009,10.356731875719218,60.31836330822066,3.724137931,2.4827586207,7.042577675489068
30,36.28346456692913,55.55905511811023,48.32959849440206,11.886792453,3.5849056604,43.46456692913386
31,75.78300921187308,27.63561924257932,64.73874704132548,19.509202454,12.515337423,19.406345957011258
32,25.71428571428571,24.897959183673468,51.85719081333705,9.5918367347,5.7142857143,18.57142857142857
33,6.923076923076923,14.505494505494505,13.048059232942352,11.703296703,4.4505494505,34.94505494505495
34,23.61111111111111,62.22222222222222,41.2070804172092,58.194444444,53.611111111,45.55555555555556
35,62.779922779922785,32.8957528957529,61.06916626447877,10.424710425,4.6332046332,22.23938223938224
36,63.0750893921335,31.60905840286055,54.368417805795595,14.0,12.428571429,22.169249106078667
37,23.46067415730337,22.786516853932582,43.726318359375,8.0898876404,4.3146067416,19.55056179775281
38,76.0248447204969,22.658385093167702,61.92288037412656,2.6799007444,1.0421836228,17.888198757763977
39,1.8795180722891565,10.843373493975903,15.923639136624622,19.807228916,12.43373494,13.734939759036145
40,100.39525691699605,37.78656126482213,67.67590669775197,59.842105263,45.473684211,34.1501976284585
41,42.387096774193544,11.032258064516128,52.441081385458666,6.3870967742,5.4193548387,7.741935483870967
42,78.84816753926702,25.602094240837697,63.41502723893571,40.523560209,29.528795812,19.162303664921467
43,82.77486910994764,23.874345549738223,62.485349964721046,16.963350785,11.780104712,17.591623036649217
44,66.2453531598513,10.260223048327138,37.711609340511735,12.044609665,7.8066914498,13.382899628252789
45,89.16299559471366,35.24229074889868,66.04166845918228,17.595307918,10.909090909,27.665198237885463
46,50.75675675675675,28.054054054054053,59.20583694045608,20.918918919,14.756756757,22.21621621621621
47,85.375,46.125,64.88667297363281,36.125,18.0,36.375
48,64.32432432432432,10.09009009009009,58.53805954391892,2.7027027027,1.4414414414,6.666666666666667
49,4.545454545454545,11.818181818181817,54.322884299538345,3.1818181818,1.5909090909,10.0
50,45.47579298831386,19.632721202003342,51.94894118778694,5.2,4.2,16.62771285475793
51,52.586666666666666,8.0,61.318658854166664,1.3854351687,0.8525754885,6.1866666666666665
52,102.24489795918367,42.704081632653065,73.7692556575853,17.295918367,11.785714286,35.35714285714286
53,42.662337662337656,53.96103896103896,55.77314698850953,32.142857143,27.272727273,37.01298701298701
54,70.34482758620689,32.275862068965516,56.187425915948275,41.818181818,25.619834711,27.310344827586206
55,33.641618497109825,17.86127167630058,33.536629208250545,16.12716763,11.445086705,22.196531791907518
56,97.53694581280787,36.05911330049261,70.87743298760776,103.47540984,101.31147541,31.92118226600985
57,29.502762430939228,23.867403314917127,49.445396128280386,19.55801105,14.751381215,21.712707182320443
58,63.23809523809524,25.333333333333332,64.95600818452381,28.0,16.761904762,21.33333333333333
59,11.122715404699738,65.48302872062662,51.634671283453,35.561357702,22.872062663,54.04699738903394
60,72.83065512978987,22.101359703337454,56.01671593740343,13.811881188,12.326732673,15.129789864029668
61,72.0554272517321,6.789838337182448,64.86438918609267,2.9166666667,1.9444444444,4.572748267898383
62,37.08542713567839,37.537688442211056,50.15758418557632,19.59798995,9.9497487437,28.793969849246228
63,81.49732620320856,23.262032085561497,64.20924222405581,5.7754010695,3.0481283422,17.165775401069517
64,78.70036101083032,45.92057761732852,53.358462777809116,27.548076923,19.182692308,48.8086642599278
65,72.3529411764706,58.39572192513369,54.62052778764205,31.604278075,25.828877005,38.02139037433155
66,18.095238095238095,31.904761904761905,45.59630378844246,3.8095238095,0.9523809524,23.65079365079365
67,39.430604982206404,30.035587188612098,49.805816976201065,110.33175355,93.55450237,32.455516014234874
68,43.87096774193548,21.29032258064516,51.68965001260081,12.258064516,8.7096774194,17.580645161290324
69,30.417495029821076,28.747514910536783,52.46282194528144,19.085487078,13.121272366,21.590457256461235
70,85.59183673469389,11.020408163265307,58.55878806600766,3.5510204082,1.9591836735,7.591836734693878
71,42.18298555377207,1.5409309791332264,48.53728611243479,2.6923076923,1.3461538462,1.1556982343499198
72,52.22707423580786,40.52401746724891,51.19125699372271,43.032069971,33.411078717,33.88646288209607
73,77.88873038516405,61.6262482168331,66.17569557440264,31.282051282,15.384615385,46.73323823109843
74,77.48953974895397,5.1882845188284525,59.217309672463394,0.1671309192,0.0,4.01673640167364
75,72.39669421487604,26.611570247933884,57.704018837164256,24.462809917,13.05785124,19.669421487603305
76,45.24590163934427,22.13114754098361,60.50616154905226,33.114754098,22.295081967,17.37704918032787
77,49.18335901386749,16.825885978428353,60.13528362444627,18.092307692,15.138461538,13.49768875192604
78,54.42622950819673,55.9016393442623,60.94826620133197,36.885245902,30.0,49.8360655737705
79,40.0,44.692737430167604,54.83083032362954,49.739776952,37.249070632,37.98882681564246
80,74.4055944055944,21.818181818181817,55.171099042559,10.769230769,5.034965035,15.804195804195803
81,89.7225891677675,46.76354029062087,64.99212267534263,17.889182058,8.073878628,38.044914134742406
82,69.84848484848486,28.484848484848488,60.36933667732008,13.939393939,6.9696969697,20.0
83,48.48,24.0,55.19700073242187,7.2,2.16,21.6
84,17.770992366412216,18.68702290076336,24.470634169250957,3.8414634146,1.8292682927,24.0
85,58.053596614950635,60.9308885754584,60.431230165726376,49.352112676,38.028169014,46.20592383638928
86,51.494696239151395,19.67213114754098,49.72449895845889,19.884393064,11.213872832,17.704918032786882
87,119.12248628884825,28.738574040219376,71.59018117287476,14.452554745,9.6350364964,16.453382084095065
88,57.86078098471987,41.56196943972835,56.53506630345395,37.830508475,32.745762712,20.37351443123939
89,33.84615384615385,11.538461538461538,51.0388418344351,9.0384615385,7.6923076923,11.923076923076923
90,62.60204081632653,20.051020408163264,53.90868362115354,7.3469387755,3.5204081633,16.683673469387756
91,61.55619596541787,11.930835734870318,55.747214545434076,4.1498559078,1.0374639769,11.06628242074928
92,92.36476043276662,55.45595054095827,72.04540789219475,45.0,41.481481481,34.86862442040186
93,91.13924050632912,77.68535262206149,59.76934008744914,59.350180505,47.653429603,62.92947558770344
94,0.1430274135876043,0.8581644815256257,3.5809318897124554,0.1428571429,0.1428571429,4.7199046483909415
95,52.2972972972973,9.527027027027026,59.4391157820418,18.445945946,12.364864865,8.716216216216216
96,68.31683168316832,34.603960396039604,61.6010035146581,46.930693069,31.633663366,27.47524752475248
97,100.78492935635792,47.47252747252747,66.75906961342228,56.614420063,44.012539185,42.76295133437991
98,38.91525423728814,42.30508474576271,46.870406845868644,34.808126411,27.62979684,32.271186440677965
99,65.20754716981132,26.41509433962264,61.47846034787736,39.949748744,33.91959799,20.37735849056604
100,102.40422721268163,21.400264200792602,68.28284481557546,14.881266491,10.448548813,16.803170409511228
101,70.67385444743935,13.584905660377357,63.90539781102594,25.552560647,21.02425876,9.703504043126683
102,69.44337811900192,42.26487523992322,55.54806993012236,20.499040307,17.73512476,27.98464491362764
103,99.38325991189427,42.6431718061674,69.19309910173459,31.495601173,23.753665689,36.65198237885463
104,24.22459893048128,3.8502673796791442,22.197924935243982,10.909090909,6.7379679144,9.46524064171123
105,64.01069518716578,16.844919786096256,54.038183854862964,5.935828877,2.0855614973,15.401069518716575
106,89.70684039087949,21.302931596091206,59.481197195643325,27.166123779,15.635179153,18.175895765472315
107,118.55711422845691,86.09218436873748,81.50343656062124,74.88,72.96,60.360721442885776
108,2.8182941903584675,17.948084054388136,28.852508129973348,8.7407407407,5.6296296296,16.168108776266997
109,87.3545966228893,19.587242026266416,62.9289317175774,15.505617978,9.8876404494,14.409005628517823
110,80.51413881748071,27.30077120822622,61.147454661391386,15.57840617,8.3290488432,22.21079691516709
111,38.21501014198783,42.961460446247465,46.3342334677675,42.596348884,28.843813387,38.09330628803245
112,41.65289256198347,48.34710743801653,46.46566091490186,28.016528926,14.380165289,40.16528925619835
113,26.702849389416553,14.165535956580733,59.21997567206581,17.073170732,11.056910569,11.723202170963363
114,48.25493171471928,17.481031866464342,55.937214737054255,45.454545455,38.181818182,13.839150227617605
115,49.90243902439025,21.21951219512195,58.72683194788491,0.1463414634,0.1463414634,15.219512195121952
116,14.42455242966752,3.836317135549872,38.857300897388505,0.7672634271,0.4603580563,2.915601023017903
117,87.73869346733667,27.73869346733668,60.17527517960898,6.3316582915,4.3718592965,21.4070351758794
118,22.670454545454547,14.488636363636365,42.61749614368786,17.897727273,12.613636364,13.465909090909092
119,35.9871931696905,30.736392742796156,48.37315057614061,7.9317697228,7.1641791045,24.845250800426893
120,34.8936170212766,65.53191489361703,59.46927464261968,40.963172805,28.385269122,51.57446808510638
121,35.7840616966581,34.08740359897172,59.151529738713045,18.81748072,13.419023136,26.68380462724936
122,87.77939042089986,49.63715529753266,61.74916481937137,45.0,33.488372093,36.0522496371553
123,54.02328589909444,31.979301423027167,53.648902725278944,18.294573643,15.19379845,27.166882276843467
124,75.78947368421053,9.944008958566629,63.02916728635918,3.3632286996,2.6905829596,7.928331466965286
125,87.98882681564245,40.22346368715084,67.94437344513791,26.145251397,23.463687151,28.994413407821227
126,76.42105263157895,13.68421052631579,55.15270353618421,18.315789474,13.052631579,10.31578947368421
127,48.579088471849865,29.276139410187668,61.974362943511224,19.946380697,12.225201072,27.02412868632708
128,75.66666666666667,11.666666666666666,61.97584533691406,4.0,2.0,8.5
129,50.02159827213823,26.30669546436285,52.77650507685947,16.457883369,11.663066955,20.99352051835853
130,84.35294117647058,61.23529411764706,64.87088012695312,48.176470588,31.941176471,47.47058823529412
131,0.0,13.105263157894738,17.44908262553968,0.3157894737,0.3157894737,21.0
132,66.47577092511014,7.929515418502203,61.98440350099808,7.9295154185,6.2114537445,6.211453744493392
133,52.78911564625851,15.238095238095239,52.343691871279766,16.326530612,14.285714286,12.925170068027212
134,70.14326647564471,48.82521489971347,59.856359268669415,33.524355301,14.613180516,45.730659025787965
135,89.70873786407768,39.46601941747573,66.72226841009936,22.572815534,16.601941748,28.252427184466026
136,46.45739910313901,16.143497757847534,54.98040306193946,2.328358209,0.8955223881,12.556053811659192
137,55.214723926380366,48.736196319018404,55.468523832917946,41.617647059,28.823529412,40.78527607361963
138,59.92197659297789,18.725617685305593,61.72458207188719,19.480519481,11.688311688,16.540962288686607
139,56.53136531365313,33.35793357933579,56.938165756169276,22.315270936,11.527093596,28.19188191881919
140,50.82152974504249,4.759206798866855,54.36189732538066,0.3399433428,0.3399433428,3.2294617563739374
141,22.414578587699317,29.248291571753988,45.96500752998648,6.5603644647,3.2801822323,19.68109339407745
142,60.36014405762305,94.3577430972389,57.50929522199505,72.836538462,68.798076923,67.9951980792317
143,75.68270481144343,44.005201560468144,60.03932600678641,26.181818182,20.727272727,31.67750325097529
144,64.41964285714286,14.866071428571429,60.898189544677734,5.3571428571,2.5446428571,10.044642857142858
145,48.335451080050824,11.283354510800509,53.47477254903907,14.923857868,11.116751269,8.538754764930115
146,59.91341991341991,27.01298701298701,56.451838769954,13.352601156,5.0289017341,23.72294372294372
147,76.45360824742268,17.56701030927835,63.744714481314425,11.851851852,7.1604938272,14.350515463917525
148,39.66735966735966,39.66735966735966,48.5028152307205,28.191268191,18.212058212,34.55301455301455
149,68.99182561307903,42.67029972752044,55.852157218579705,23.215258856,17.166212534,29.754768392370572
150,51.68996188055908,20.584498094027953,50.412206783076556,14.61928934,11.269035533,15.4002541296061
151,78.03571428571429,22.142857142857146,63.37856837681362,20.0,15.357142857,16.607142857142858
152,57.69230769230769,30.0,53.51721543532151,11.346153846,5.3846153846,22.884615384615383
153,42.44418331374853,23.54876615746181,43.23834895527321,9.3176470588,4.3764705882,21.574618096357227
154,64.41471571906355,52.575250836120404,58.305104743676836,55.183946488,43.344481605,44.94983277591973
155,64.070796460177,38.23008849557522,54.505582826327434,26.725663717,20.0,22.47787610619469
156,1.7804154302670625,5.3412462908011875,11.752278132679201,13.175074184,9.9703264095,10.860534124629082
157,67.95417348608838,16.30114566284779,58.453606888042145,7.0588235294,3.5294117647,13.355155482815055
158,45.72214580467675,25.914718019257222,36.97833831241403,31.483516484,23.571428571,29.21595598349381
159,36.676923076923075,37.66153846153846,47.94986102764423,24.76386037,15.893223819,32.36923076923077
160,80.33775633293125,48.78166465621231,61.727711639588364,41.927710843,27.325301205,40.38600723763571
161,88.6624203821656,38.216560509554135,66.97043565883757,40.305343511,32.061068702,29.65605095541401
162,106.68470906630581,74.69553450608932,67.49774029516239,44.432432432,43.297297297,39.62110960757781
163,89.86861313868613,17.343065693430656,63.70287907732664,9.2711370262,5.9475218659,12.087591240875913
164,79.91752577319588,31.670103092783503,67.03946520618557,23.703703704,21.728395062,28.45360824742268
165,32.31416549789621,10.939691444600282,52.55443856558994,4.7191011236,1.5168539326,7.237026647966339
166,78.77984084880637,11.777188328912468,66.50248803257627,8.9124668435,6.6843501326,6.684350132625995
167,33.62229102167182,1.4860681114551082,21.451307361709073,5.2012383901,2.4148606811,10.216718266253867
168,35.97156398104266,11.943127962085308,56.36880594407213,0.5687203791,0.4265402844,8.246445497630331
169,62.21739130434782,31.043478260869563,64.9953958262568,4.4347826087,1.6956521739,19.956521739130437
170,66.2020905923345,17.979094076655052,62.96553448932927,42.558139535,38.093023256,14.076655052264808
171,31.69465648854962,33.16030534351145,44.391642563215655,20.487804878,12.073170732,27.29770992366412
172,75.07462686567165,33.88059701492537,64.09151447353078,21.791044776,16.119402985,27.01492537313433
173,89.38582677165354,38.92913385826771,58.556563730314956,42.075471698,32.452830189,28.53543307086614
174,119.43485086342228,119.6232339089482,83.51737652693288,81.630094044,80.877742947,81.38147566718995
175,92.60347129506009,29.479305740987986,63.319924613025705,13.92,6.56,20.6675567423231
176,9.696969696969697,9.242424242424242,34.99339248194839,2.5757575758,1.2121212121,10.0
177,60.16393442622951,36.22950819672131,56.08307885341957,6.393442623,2.2950819672,30.655737704918035
178,69.58466453674122,29.904153354632587,57.6303461336861,15.71884984,10.734824281,24.34504792332268
179,80.3448275862069,8.620689655172415,62.132705162311424,10.689655172,8.4482758621,7.241379310344827
180,68.0,34.476190476190474,61.166114443824405,48.571428571,38.095238095,28.761904761904763
181,71.22137404580154,12.824427480916032,63.698541772274574,9.6183206107,5.9541984733,10.763358778625957
182,77.32313575525812,22.48565965583174,65.10499447299235,48.549618321,42.366412214,18.126195028680687
183,89.43731490621916,33.524185587364265,64.62993294206565,10.769230769,4.6153846154,23.099703849950643
184,45.4054054054054,58.986486486486484,60.77390516126478,28.783783784,16.216216216,48.85135135135135
185,0.4235294117647059,37.55294117647059,21.196108111213235,6.9176470588,5.9294117647,35.43529411764706
186,29.924433249370278,14.20654911838791,28.758346596052426,13.14861461,8.4634760705,17.38035264483627
187,60.0,30.28391167192429,56.97331281114452,34.826498423,28.58044164,27.066246056782337
188,94.82208588957054,55.803680981595086,60.74123340442868,34.643734644,25.945945946,46.08588957055215
189,15.272727272727272,15.074380165289256,45.23978342103564,5.5629139073,1.7880794702,15.272727272727272
190,60.135440180586905,31.82844243792325,62.823862458997596,7.0428893905,4.7404063205,22.88939051918736
191,44.11764705882353,21.88235294117647,60.59222771139706,8.1176470588,4.9411764706,17.529411764705884
192,23.516949152542374,28.98305084745763,45.87855710821637,11.059322034,5.4661016949,25.55084745762712
193,73.10580204778157,12.901023890784982,62.79223966110281,1.843003413,1.023890785,7.781569965870307
194,83.58913813459267,6.092089728453365,57.53016448217975,2.6886792453,1.6981132075,4.817001180637544
195,74.35684647302904,47.63485477178423,62.93133874157157,43.591160221,33.812154696,35.0207468879668
196,35.178082191780824,21.36986301369863,47.72539196275685,2.9589041096,1.1506849315,19.56164383561644
197,52.03931203931204,3.3906633906633905,52.23064150798526,0.2948402948,0.2948402948,3.2432432432432434
198,61.22186495176849,19.678456591639872,59.080684943981105,5.7815845824,2.8265524625,17.10610932475884
199,54.035928143712574,19.976047904191617,61.754926670097305,21.818181818,10.04784689,15.520958083832337
200,62.36706689536878,34.37392795883362,58.414626996676674,14.178082192,8.4246575342,25.934819897084047
201,87.57660167130919,22.89693593314763,63.20620225996692,8.6908077994,3.5097493036,16.545961002785514
202,79.70149253731343,21.791044776119403,62.08108930445429,5.3731343284,3.5820895522,13.582089552238806
203,80.07561436672968,37.20226843100189,67.4891867394258,24.226415094,16.075471698,29.48960302457467
204,24.1437125748503,21.84431137724551,54.750692950037426,7.7511961722,5.023923445,16.38323353293413
205,58.07881773399015,12.561576354679802,55.60917595924415,3.842364532,1.7733990148,10.935960591133004
206,46.5103448275862,4.303448275862069,54.357012728987065,0.3314917127,0.1657458564,3.6413793103448273
207,23.69098712446352,3.261802575107296,51.67422315081813,1.0285714286,0.3428571429,3.0901287553648067
208,64.94404883011191,10.742624618514752,61.65591421350458,1.0975609756,1.0975609756,6.225839267548322
209,39.22705314009662,20.869565217391305,56.27262133907005,7.5241157556,4.2443729904,14.879227053140095
210,53.88079470198675,33.377483443708606,53.469522842508276,61.26984127,46.666666667,25.112582781456958
211,90.21897810218978,115.32846715328468,67.23819036553377,56.642335766,56.496350365,58.68613138686132
212,88.2608695652174,50.21739130434783,66.78399790888248,36.739130435,24.782608696,34.130434782608695
213,43.20855614973262,28.663101604278076,50.059693688377344,5.5516014235,2.3487544484,24.598930481283425
214,73.54838709677419,29.838709677419352,59.199779879662294,34.516129032,26.290322581,24.19354838709677
215,72.33584499461787,20.279870828848225,66.07880985518703,8.2580645161,4.6451612903,15.242195909580197
216,98.75862068965517,25.24137931034483,64.38759428879311,11.586206897,8.275862069,20.27586206896552
217,71.50837988826817,40.67039106145252,57.84287436714386,24.535315985,16.505576208,33.96648044692738
218,24.967490247074124,15.2925877763329,46.905430271659625,16.519480519,12.623376623,9.830949284785437
219,104.32348367029549,19.035769828926906,73.25835090032076,30.745341615,21.801242236,12.877138413685849
